LotFrontage,LotArea,OverallQual,OverallCond,YearBuilt,GarageCars,GarageArea,PoolArea,SalePrice
65,8450,7,5,2003,2,548,0,208500
80,9600,6,8,1976,2,460,0,181500
68,11250,7,5,2001,2,608,0,223500
60,9550,7,5,1915,3,642,0,140000
84,14260,8,5,2000,3,836,0,250000
85,14115,5,5,1993,2,480,0,143000
75,10084,8,5,2004,2,636,0,307000
NA,10382,7,6,1973,2,484,0,200000
51,6120,7,5,1931,2,468,0,129900
50,7420,5,6,1939,1,205,0,118000
70,11200,5,5,1965,1,384,0,129500
85,11924,9,5,2005,3,736,0,345000
NA,12968,5,6,1962,1,352,0,144000
91,10652,7,5,2006,3,840,0,279500
NA,10920,6,5,1960,1,352,0,157000
51,6120,7,8,1929,2,576,0,132000
NA,11241,6,7,1970,2,480,0,149000
72,10791,4,5,1967,2,516,0,90000
66,13695,5,5,2004,2,576,0,159000
70,7560,5,6,1958,1,294,0,139000
101,14215,8,5,2005,3,853,0,325300
57,7449,7,7,1930,1,280,0,139400
75,9742,8,5,2002,2,534,0,230000
44,4224,5,7,1976,2,572,0,129900
NA,8246,5,8,1968,1,270,0,154000
110,14230,8,5,2007,3,890,0,256300
60,7200,5,7,1951,2,576,0,134800
98,11478,8,5,2007,3,772,0,306000
47,16321,5,6,1957,1,319,0,207500
60,6324,4,6,1927,1,240,0,68500
50,8500,4,4,1920,1,250,0,40000
NA,8544,5,6,1966,1,271,0,149350
85,11049,8,5,2007,2,484,0,179900
70,10552,5,5,1959,2,447,0,165500
60,7313,9,5,2005,2,556,0,277500
108,13418,8,5,2004,3,691,0,309000
112,10859,5,5,1994,2,672,0,145000
74,8532,5,6,1954,2,498,0,153000
68,7922,5,7,1953,1,246,0,109000
65,6040,4,5,1955,0,0,0,82000
84,8658,6,5,1965,2,440,0,160000
115,16905,5,6,1959,1,308,0,170000
NA,9180,5,7,1983,2,504,0,144000
NA,9200,5,6,1975,1,308,0,130250
70,7945,5,6,1959,1,300,0,141000
61,7658,9,5,2005,2,576,0,319900
48,12822,7,5,2003,2,670,0,239686
84,11096,8,5,2006,3,826,0,249700
33,4456,4,5,1920,0,0,0,113000
66,7742,5,7,1966,1,386,0,127000
NA,13869,6,6,1997,2,388,0,177000
52,6240,6,6,1934,2,528,0,114500
110,8472,5,5,1963,2,516,0,110000
68,50271,9,5,1981,3,894,0,385000
60,7134,5,5,1955,2,572,0,130000
100,10175,6,5,1964,2,576,0,180500
24,2645,8,5,1999,2,480,0,172500
89,11645,7,5,2004,2,565,0,196500
66,13682,10,5,2006,3,641,0,438780
60,7200,5,7,1972,1,352,0,124900
63,13072,6,5,2004,2,576,0,158000
60,7200,5,7,1920,1,288,0,101000
44,6442,8,5,2006,2,484,0,202500
50,10300,7,6,1921,2,480,0,140000
NA,9375,7,5,1997,2,645,0,219500
76,9591,8,5,2004,3,852,0,317000
NA,19900,7,5,1970,2,576,0,180000
72,10665,7,5,2003,2,558,0,226000
47,4608,4,6,1945,1,220,0,80000
81,15593,7,4,1953,2,667,0,225000
95,13651,7,6,1973,2,516,0,244000
69,7599,4,6,1982,2,360,0,129500
74,10141,7,5,1998,2,427,0,185000
85,10200,5,7,1954,2,490,0,144900
60,5790,3,6,1915,1,379,0,107400
21,1596,4,5,1973,1,297,0,91000
NA,8475,4,7,1956,1,283,0,135750
50,8635,5,5,1948,1,240,0,127000
72,10778,4,5,1968,0,0,0,136500
60,10440,5,6,1910,2,440,0,110000
100,13000,6,6,1968,1,509,0,193500
32,4500,6,5,1998,2,405,0,153500
78,10206,8,5,2007,3,758,0,245000
80,8892,5,5,1960,2,461,0,126500
NA,8530,7,5,1995,2,400,0,168500
121,16059,8,5,1991,2,462,0,260000
122,11911,6,5,2005,2,400,0,174000
40,3951,6,5,2009,2,528,0,164500
105,8470,3,2,1915,0,0,0,85000
60,8070,4,5,1994,0,0,0,123600
60,7200,4,5,1950,2,420,0,109900
85,8500,5,3,1961,2,480,0,98600
80,13360,5,7,1921,2,432,0,163500
60,7200,6,6,1910,2,506,0,133900
69,9337,6,5,1997,2,684,0,204750
NA,9765,6,8,1993,2,420,0,185000
78,10264,7,5,1999,2,472,0,214000
73,10921,4,5,1965,1,432,0,94750
85,10625,5,5,1920,1,366,0,83000
77,9320,4,5,1959,0,0,0,128950
NA,10603,6,7,1977,2,480,0,205000
77,9206,6,5,1985,2,476,0,178000
64,7018,5,5,1979,2,410,0,118964
94,10402,7,5,2009,3,740,0,198900
NA,7758,7,4,1931,1,240,0,169500
75,9375,8,5,2003,2,648,0,250000
60,10800,4,7,1885,1,273,0,100000
50,6000,5,5,1948,1,250,0,115000
85,8500,5,7,1919,0,0,0,115000
105,11751,6,6,1977,2,546,0,190000
75,9525,6,4,1954,1,325,0,136900
NA,7750,7,5,2000,2,400,0,180000
77,9965,7,5,2007,3,792,0,383970
NA,21000,6,5,1953,2,450,0,217000
61,7259,6,8,1945,1,180,0,259500
34,3230,6,5,1999,2,440,0,176000
NA,11616,5,5,1962,1,288,0,139000
74,8536,5,5,2006,2,430,0,155000
90,12376,7,5,1990,3,594,0,320000
65,8461,6,5,2005,2,390,0,163990
NA,21453,6,5,1969,2,540,0,180000
50,6060,4,5,1939,1,264,0,100000
75,9464,6,7,1958,1,288,0,136000
55,7892,6,5,1993,2,530,0,153900
48,17043,6,5,1979,2,435,0,181000
60,6780,6,8,1935,0,0,0,84500
NA,4928,6,5,1976,2,440,0,128000
55,4388,5,7,1930,0,0,0,87000
69,7590,6,5,1966,2,453,0,155000
69,8973,5,7,1958,2,750,0,150000
88,14200,7,6,1966,2,487,0,226000
NA,12224,6,5,2000,2,390,0,244000
75,7388,5,6,1959,2,624,0,150750
NA,6853,8,5,2001,2,471,0,220000
78,10335,5,6,1968,2,440,0,180000
80,10400,7,6,1970,2,530,0,174000
NA,10355,5,5,1967,1,318,0,143000
82,11070,7,5,1988,3,766,0,171000
73,9066,8,5,1999,3,660,0,230000
65,15426,6,5,1997,2,470,0,231500
70,10500,4,5,1971,0,0,0,115000
78,11645,7,5,2005,2,660,0,260000
71,8520,5,4,1952,2,720,0,166000
78,10335,7,5,1999,2,577,0,204000
70,9100,5,5,1963,2,504,0,125000
24,2522,6,5,2004,2,380,0,130000
51,6120,5,7,1931,1,180,0,105000
NA,9505,7,5,2001,2,434,0,222500
63,7500,7,5,2004,0,0,0,141000
NA,6240,5,4,1936,1,240,0,115000
120,10356,5,6,1975,2,440,0,122000
107,13891,8,5,2007,3,866,0,372402
NA,14803,6,5,1971,2,495,0,190000
NA,13500,6,7,1960,2,564,0,235000
84,11340,6,5,1923,1,312,0,125000
60,9600,6,5,1924,0,0,0,79000
60,7200,5,7,1950,2,625,0,109500
92,12003,8,5,2009,3,680,0,269500
100,12552,7,5,2004,2,678,0,254900
134,19378,7,5,2005,2,576,0,320000
NA,11120,6,6,1984,2,516,0,162500
110,13688,9,5,2003,3,726,0,412500
95,12182,7,5,2005,2,532,0,220000
55,5500,4,6,1956,0,0,0,103200
40,5400,6,7,1926,1,216,0,152000
62,10106,5,7,1940,0,0,0,127500
NA,10708,5,5,1955,1,303,0,190000
86,10562,8,5,2007,3,789,0,325624
62,8244,7,5,2004,2,440,0,183500
NA,16669,8,6,1981,2,511,0,228000
NA,12358,5,6,1941,2,660,0,128500
141,31770,6,5,1960,2,528,0,215000
44,5306,7,7,1987,2,504,0,239000
80,10197,6,5,1961,2,504,0,163000
47,12416,6,5,1986,2,616,0,184000
84,12615,6,7,1950,2,576,0,243000
97,10029,6,5,1988,2,521,0,211000
NA,13650,5,5,1958,2,451,0,172500
63,17423,9,5,2008,3,1166,0,501837
60,8520,5,6,1923,2,480,0,100000
NA,2117,6,5,2000,2,440,0,177000
54,7588,7,6,1920,1,216,0,200100
60,9060,5,6,1957,1,252,0,120000
63,11426,7,5,2003,2,484,0,200000
92,7438,5,8,1908,2,576,0,127000
90,22950,10,9,1892,3,840,0,475000
NA,9947,7,5,1990,2,497,0,173000
60,10410,5,7,1916,1,180,0,135000
64,7018,5,5,1979,2,528,0,153337
41,4923,8,5,2001,2,682,0,286000
70,10570,8,8,1932,2,440,0,315000
NA,7472,7,9,1972,2,484,0,184000
68,9017,7,5,1999,2,666,0,192000
24,2522,7,5,2004,2,380,0,130000
60,7180,5,7,1972,1,352,0,127000
24,2280,6,6,1976,2,440,0,148500
79,9416,7,5,2007,3,786,0,311872
174,25419,8,4,1918,2,795,512,235000
92,5520,6,6,1912,0,0,0,104000
76,9591,8,5,2004,3,856,0,274900
80,8546,4,5,2003,2,440,0,140000
75,10125,6,6,1977,2,473,0,171500
50,7000,6,6,1924,1,398,0,112000
NA,4438,6,5,2004,2,420,0,149000
50,3500,5,7,1947,1,240,0,110000
99,11851,7,5,1990,2,500,0,180500
40,13673,5,5,1962,1,349,0,143900
NA,12493,4,5,1960,1,312,0,141000
NA,14364,7,5,1988,2,454,0,277000
75,8250,6,7,1964,2,504,0,145000
67,5604,5,6,1925,0,0,0,98000
83,10420,6,5,2009,2,460,0,186000
72,8640,7,5,2009,2,644,0,252678
43,13568,5,5,1995,2,576,0,156000
NA,10900,6,7,1977,1,299,0,161750
72,10011,5,6,1957,1,447,0,134450
65,8450,7,5,2004,2,484,0,210000
57,9906,4,4,1925,1,210,0,107000
NA,15660,7,9,1939,2,431,0,311500
43,3010,7,5,2005,2,438,0,167240
73,8990,7,5,2006,2,675,0,204900
NA,8068,6,5,2002,2,390,0,200000
85,11475,6,6,1975,2,434,0,179900
70,10500,4,6,1971,2,576,0,97000
103,13472,10,5,2003,3,968,0,386250
21,1680,5,5,1971,1,280,0,112000
82,9950,7,5,1995,3,721,0,290000
21,1869,6,6,1970,1,280,0,106000
70,8521,5,5,1967,1,336,0,125000
43,3182,7,5,2005,2,430,0,192500
73,8760,6,6,1959,1,312,0,148000
174,15138,8,5,1995,3,810,0,403000
21,1680,6,5,1972,1,288,0,94500
75,10650,5,6,1976,1,308,0,128200
NA,7851,6,5,2002,2,440,0,216500
21,1680,6,3,1971,1,264,0,89500
65,8773,7,5,2004,2,494,0,185500
NA,9453,7,7,1993,2,457,0,194500
93,12030,8,5,2007,3,818,0,318000
52,8741,6,4,1945,1,220,0,113000
75,9000,8,5,2008,2,750,0,262500
40,3880,5,9,1945,0,0,0,110500
63,5000,5,4,1900,1,352,0,79000
75,10762,6,6,1980,1,288,0,120000
NA,8880,7,5,1994,2,463,0,205000
80,10400,7,5,1988,2,604,0,241500
69,9142,6,8,1910,1,440,0,137000
75,11310,6,5,1954,2,451,0,140000
72,11317,7,5,2003,2,500,0,180000
NA,159000,6,7,1958,2,389,0,277000
55,5350,3,2,1940,0,0,0,76500
44,4750,8,5,2006,2,538,0,235000
65,8366,6,5,2004,2,520,0,173000
85,9350,6,7,1964,1,309,0,158000
70,8400,5,6,1957,1,294,0,145000
66,8738,7,5,1999,2,429,0,230000
64,8791,6,5,2003,2,673,0,207500
68,8814,7,5,2006,2,660,0,220000
80,12435,7,5,2001,2,564,0,231500
70,12702,5,5,1956,1,308,0,97000
120,19296,6,5,1962,2,884,0,176000
69,9588,8,5,2007,3,868,0,276000
88,8471,6,7,1977,2,492,0,151000
50,5500,5,7,1929,2,484,0,130000
30,5232,5,5,1925,2,504,0,73000
78,12090,6,6,1981,2,576,0,175500
70,11207,6,5,1997,2,413,0,185000
60,8400,5,8,1939,1,240,0,179500
71,6900,5,6,1940,1,924,0,120500
NA,7917,6,7,1976,1,504,0,148000
84,10728,8,5,2006,3,1053,0,266000
73,39104,7,7,1954,2,439,0,241500
92,11764,8,7,1999,3,671,0,290000
80,9600,6,6,1958,1,338,0,139000
76,8314,5,7,1982,1,264,0,124500
55,7264,7,7,1925,2,672,0,205000
129,9196,7,5,2003,2,573,0,201000
140,19138,4,5,1951,2,400,0,141000
107,14450,9,5,2006,3,732,0,415298
83,10005,7,5,1977,2,505,0,192000
82,11287,7,6,1989,2,575,0,228500
60,7200,6,5,2006,2,572,0,185000
34,5063,7,5,2007,2,626,0,207500
74,9612,8,5,2008,3,898,0,244600
50,8012,6,5,1992,2,529,0,179200
35,4251,7,5,2006,2,528,0,164700
77,9786,6,7,1962,2,440,0,159000
NA,8125,4,4,1971,0,0,0,88000
NA,9819,5,5,1967,1,280,0,122000
60,8730,6,7,1915,1,384,0,153575
120,15611,8,5,2006,2,685,0,233230
55,5687,5,6,1912,0,0,0,135900
60,11409,5,4,1949,1,281,0,131000
NA,16659,7,7,1977,2,539,0,235000
80,9600,6,5,1953,2,418,0,167000
37,7937,6,6,1984,2,588,0,142500
75,13710,5,5,1950,1,282,0,152000
66,7399,7,5,1997,2,576,0,239000
90,11700,6,6,1968,2,539,0,175000
80,14000,6,8,1950,1,300,0,158500
90,15750,5,5,1953,1,375,0,157000
66,16226,8,5,1998,2,683,0,267000
118,13704,7,5,2001,3,843,0,205000
70,9800,5,7,1972,2,552,0,149900
87,18386,7,9,1880,3,870,0,295000
80,10386,8,5,2004,3,888,0,305900
116,13474,7,5,1990,3,746,0,225000
NA,7920,6,7,1920,0,0,0,89500
NA,12342,4,5,1940,2,539,0,82500
90,12378,9,5,2003,3,708,0,360000
NA,7685,6,5,1993,2,420,0,165600
50,8000,6,6,1948,1,240,0,132000
65,7800,5,7,1939,2,410,0,119900
150,215245,7,5,1965,2,513,0,375000
60,9600,7,7,1925,2,546,0,178000
71,7795,7,5,2004,2,432,0,188500
94,13005,7,7,1980,2,484,0,260000
75,9000,8,5,2006,3,1025,0,270000
90,9900,7,5,1993,3,656,0,260000
NA,14115,7,5,1980,2,588,0,187500
111,16259,9,5,2006,3,840,0,342643
99,12099,8,5,2004,3,872,0,354000
86,10380,7,5,1986,2,576,0,301000
49,5820,3,8,1955,1,220,0,126175
96,11275,7,7,1967,2,564,0,242000
50,5000,5,6,1941,2,360,0,87000
32,10846,8,5,1993,2,473,0,324000
80,11600,6,5,1960,1,292,0,145250
NA,11888,6,6,1916,2,441,0,214500
60,6402,5,5,1920,1,189,0,78000
NA,10624,5,4,1964,1,352,0,119000
70,8176,5,6,1958,1,308,0,139000
85,10655,8,5,2003,3,880,0,284000
59,8198,7,5,2004,2,484,0,207000
59,9042,6,5,1998,2,472,0,192000
NA,164660,5,6,1965,2,529,0,228950
86,14157,9,5,2005,3,676,0,377426
70,9135,7,5,2002,2,532,0,214000
91,14145,7,7,1984,2,440,0,202500
66,12400,6,7,1958,1,297,0,155000
85,14191,8,5,2002,2,431,0,202900
60,8400,4,4,1950,1,294,0,82000
NA,8544,3,4,1949,2,400,0,87500
63,8849,9,5,2005,2,564,0,266000
36,2592,5,3,1976,1,336,0,85000
65,6435,6,5,1939,1,312,0,140200
NA,12772,6,8,1960,1,301,0,151500
NA,17600,6,5,1960,2,498,0,157500
36,2448,7,5,2003,2,474,0,154000
56,20431,9,5,2005,3,706,0,437154
68,7820,9,5,2007,2,617,0,318061
NA,5271,7,5,1986,2,445,0,190000
60,9084,5,6,1941,1,200,0,95000
60,8520,6,8,1928,2,484,0,105900
60,8400,6,5,1940,1,240,0,140000
105,11249,6,5,1995,2,521,0,177500
NA,9248,6,6,1992,2,400,0,173000
44,4224,5,5,1976,2,528,0,134000
92,6930,5,4,1958,1,288,0,130000
78,12011,8,5,1998,2,592,0,280000
NA,7540,6,6,1978,2,470,0,156000
NA,9144,5,5,1940,1,240,0,145000
64,7301,7,5,2003,2,672,0,198500
21,1680,6,8,1972,1,264,0,118000
NA,18800,6,5,1976,2,566,0,190000
59,10690,5,7,1920,1,468,0,147000
NA,9500,6,5,1963,2,514,0,159000
101,9150,6,5,1962,1,296,0,165000
78,7800,5,6,1954,1,244,0,132000
NA,9830,5,7,1959,2,576,0,162000
NA,8121,6,5,2000,2,460,0,172400
80,17120,4,4,1959,2,680,0,134432
50,7175,6,5,1984,1,264,0,125000
79,10634,5,6,1953,1,270,0,123000
65,8200,7,5,2003,2,434,0,219500
NA,10020,1,1,1922,0,0,0,61000
57,8846,5,5,1996,2,576,0,148000
102,11143,8,5,2004,2,610,0,340000
88,11394,9,2,2010,3,834,0,394432
60,8123,6,5,2000,2,463,0,179000
50,5000,5,6,1924,1,308,0,127000
60,7200,7,5,2006,2,572,0,187750
79,9245,7,5,2006,2,639,0,213500
60,9000,6,3,1928,2,360,0,76000
NA,53107,6,5,1992,2,501,0,240000
43,3182,8,5,2004,2,430,0,192000
58,8410,5,3,1910,0,0,0,81000
72,7200,6,6,1976,1,352,0,125000
93,9382,7,5,1999,2,577,0,191000
96,12474,10,5,2007,3,846,0,426000
50,8405,5,8,1900,1,384,0,119000
71,12209,6,5,2001,2,560,0,215000
NA,8339,5,7,1959,1,294,0,106500
NA,7446,4,5,1941,0,0,0,100000
60,10134,5,6,1940,1,240,0,109000
68,9571,5,6,1956,1,596,0,129000
60,7200,5,5,1972,2,600,0,123000
69,7590,5,5,1962,1,264,0,169500
60,8967,5,2,1920,1,338,0,67000
65,8125,7,5,2006,2,438,0,241000
38,14963,8,5,1996,2,500,0,245500
65,8767,7,5,2005,2,400,0,164990
60,10200,5,8,1940,1,240,0,108000
93,12090,8,5,1998,2,420,0,258000
NA,10364,6,5,1995,2,373,0,168000
NA,9991,4,4,1976,2,490,0,150000
51,10480,6,5,1936,1,240,0,115000
63,15576,6,7,1915,1,308,0,177000
109,14154,7,5,2006,3,947,0,280000
85,10800,8,5,2007,3,836,0,339750
68,9571,5,3,1958,1,350,0,60000
100,34650,5,5,1955,2,572,0,145000
NA,4403,7,5,2009,2,484,0,222000
56,8960,5,6,1927,2,360,0,115000
59,11228,7,5,1993,3,678,0,228000
73,8899,7,5,2007,2,396,0,181134
74,7844,6,7,1978,2,440,0,149500
86,22420,6,6,1918,3,864,0,239000
60,8160,5,6,1940,1,240,0,126000
65,8450,5,6,1968,1,304,0,142000
78,7060,7,5,1997,4,784,0,206300
NA,16635,6,7,1977,2,529,0,215000
100,21750,5,5,1954,2,520,0,113000
80,9200,8,5,1998,3,696,0,315000
72,9000,6,5,1956,1,297,0,139000
60,3378,7,8,1946,1,240,0,135000
NA,12800,7,5,1989,2,569,0,275000
77,8593,4,6,1957,1,352,0,109008
64,6762,7,5,2007,2,628,0,195400
130,11457,6,5,1988,2,576,0,175000
21,1680,6,5,1971,1,264,0,85400
60,5586,6,7,1920,0,0,0,79900
24,1920,5,5,1971,2,440,0,122500
100,10839,6,5,1997,2,470,0,181000
21,1890,4,7,1972,0,0,0,81000
43,10667,7,6,1996,2,550,0,212000
40,4400,6,8,1920,2,440,0,116000
50,6000,6,7,1926,1,180,0,119000
40,4280,5,6,1913,1,352,0,90350
67,12354,6,8,1920,2,528,0,110000
105,15431,10,5,2008,3,672,0,555000
92,12108,4,4,1955,0,0,0,118000
52,6240,5,7,1930,2,360,0,162900
53,3922,7,5,2006,3,648,0,172500
70,8750,7,5,1994,2,493,0,210000
73,9855,6,5,1956,2,480,0,127500
137,16492,6,6,1966,2,578,0,190000
NA,11214,7,5,1998,2,431,0,199900
50,8600,6,6,1937,1,198,0,119500
50,6000,3,7,1948,1,308,0,120000
70,5684,6,8,1930,1,270,0,110000
62,70761,7,5,1975,2,576,0,280000
NA,9303,6,5,1996,2,422,0,204000
75,9000,8,5,2008,2,676,0,210000
63,9297,5,5,1976,2,560,0,188000
80,9600,7,6,1973,2,528,0,175500
34,4571,5,5,1916,3,513,0,98000
NA,53227,4,6,1954,2,529,0,256000
NA,5100,8,7,1925,1,228,0,161000
NA,7015,5,4,1950,1,352,0,110000
75,8004,8,5,2009,2,552,0,263435
60,7200,7,9,1936,2,576,0,155000
60,8281,5,5,1965,1,360,0,62383
74,11988,6,7,1934,1,240,0,188700
60,8430,5,5,1978,0,0,0,124000
NA,3072,7,5,2004,2,398,0,178740
85,10628,7,5,1970,2,526,0,167000
79,9480,5,7,1942,1,312,0,146500
98,11428,8,5,2006,3,866,0,250000
76,9291,6,5,1993,2,506,0,187000
NA,6820,8,5,1985,2,528,0,212000
92,11952,7,6,1977,2,534,0,190000
35,3675,6,5,2005,2,525,0,148000
110,14977,8,5,2006,3,908,0,440000
41,5330,8,5,2000,2,499,0,251000
80,8480,5,6,1963,2,624,0,132500
75,13125,6,5,1997,2,508,0,208900
105,13693,9,5,2006,3,694,0,380000
79,10637,8,5,2007,3,826,0,297000
50,5925,4,7,1937,2,672,0,89471
98,16033,9,5,2004,3,772,0,326000
72,11846,9,5,2003,3,874,0,374000
50,2500,7,8,1915,1,164,0,155000
32,4500,6,5,1998,2,402,0,164000
NA,7758,5,7,1962,1,264,0,132500
80,9600,5,7,1950,1,264,0,147000
79,10289,5,7,1965,2,515,0,156000
70,12243,5,6,1971,2,487,0,175000
60,10800,5,4,1900,2,520,0,160000
21,1526,4,8,1970,1,286,0,86000
NA,2665,5,6,1976,1,336,0,115000
79,9490,6,7,1941,1,240,0,133000
105,15578,6,5,2006,2,429,0,172785
70,7931,5,6,1960,1,308,0,155000
50,5784,5,8,1938,1,273,0,91300
60,7879,4,5,1920,0,0,0,34900
NA,12692,8,5,1992,2,546,0,430000
60,9120,7,6,1925,1,240,0,184000
65,7800,5,7,1967,1,288,0,130000
70,7535,5,7,1958,1,297,0,120000
21,1890,6,5,1973,1,264,0,113000
75,9803,7,5,2005,2,603,0,226700
70,9170,5,7,1965,2,461,0,140000
100,15602,7,8,1959,2,484,0,289000
24,2308,6,5,1974,2,440,0,147000
60,7596,5,5,1952,2,400,0,124500
80,9554,8,5,1993,2,471,0,215000
75,7862,6,5,2009,2,676,0,208300
60,9600,7,9,1928,2,360,0,161000
80,9600,5,6,1959,1,270,0,124500
75,14559,5,7,1951,1,288,0,164900
40,6792,7,5,2005,2,474,0,202665
70,9100,5,5,1958,2,624,0,129900
71,9187,6,5,1983,2,484,0,134000
55,10594,5,5,1926,1,200,0,96500
94,12220,10,5,2009,3,900,0,402861
NA,10448,6,6,1972,2,583,0,158000
79,10208,7,5,1996,3,889,0,265000
NA,9531,6,5,1998,2,546,0,211000
53,10918,7,9,1926,1,282,0,234000
60,10800,4,7,1900,0,0,0,106250
90,11988,6,6,1957,1,336,0,150000
50,5000,6,7,1947,2,420,0,159000
130,40094,10,5,2007,3,884,0,184750
95,11787,7,5,1996,3,834,0,315750
62,7500,7,5,2005,2,453,0,176000
70,13300,5,7,1956,1,252,0,132000
67,14948,9,5,2008,3,858,0,446261
58,9098,4,7,1920,0,0,0,86000
NA,32668,6,3,1957,2,484,0,200624
85,10200,6,5,1988,2,600,0,175000
60,6155,6,8,1920,2,502,0,128000
60,7200,5,7,1955,1,392,0,107500
50,5000,1,3,1946,0,0,0,39300
74,9056,8,5,2004,2,403,0,178000
70,7000,5,7,1910,0,0,0,107500
57,8924,7,5,1998,2,527,0,188000
NA,12735,4,5,1972,2,576,0,111250
NA,11553,5,5,1968,1,336,0,158000
NA,11423,8,5,2001,2,670,0,272000
85,14601,9,5,2006,3,765,0,315000
NA,11000,8,5,2000,3,648,0,248000
78,10140,7,5,1998,2,583,0,213250
34,4058,7,5,1998,1,367,0,133000
58,17104,7,5,2006,2,426,0,179665
NA,13837,7,5,1988,3,786,0,229000
70,8737,6,7,1923,2,440,0,210000
54,7244,5,7,1970,2,624,0,129500
49,8235,5,7,1955,2,720,0,125000
75,9375,7,5,2003,2,615,0,263000
53,4043,6,6,1977,2,440,0,140000
50,6000,5,6,1957,1,288,0,112500
87,11146,8,5,2006,3,908,0,255500
67,8777,4,5,1949,2,520,0,108000
85,10625,7,5,2003,3,871,0,284000
58,6380,5,6,1922,1,280,0,113000
69,14850,5,5,1957,1,299,0,141000
60,11040,4,6,1920,1,570,0,108000
57,21872,7,5,1996,2,406,0,175000
NA,3196,7,5,2003,2,420,0,234000
NA,11341,5,6,1957,2,528,0,121500
77,10010,5,5,1974,2,418,0,170000
63,13907,5,6,1940,0,0,0,108000
66,21780,6,7,1918,2,396,0,185000
NA,13346,7,5,1992,2,590,0,268000
66,6858,6,4,1915,1,216,0,128000
77,11198,9,5,2005,3,656,0,325000
70,10171,7,5,2004,2,532,0,214000
79,12327,8,8,1983,2,612,0,316600
NA,7032,5,5,1979,2,600,0,135960
74,13101,5,5,1965,2,576,0,142600
60,7332,6,6,1959,1,288,0,120000
83,13159,7,5,2009,2,650,0,224500
76,9967,7,5,2000,2,400,0,170000
70,10500,5,7,1971,1,288,0,139000
80,8480,5,5,1947,1,336,0,118500
52,6292,7,7,1928,1,216,0,145000
96,11777,5,6,1966,2,564,0,164500
34,3604,7,5,2007,2,540,0,146000
81,12150,5,5,1954,1,352,0,131500
NA,14585,6,6,1960,2,572,0,181900
98,12704,8,5,2008,3,1390,0,253293
81,11841,6,5,1990,0,0,0,118500
75,13500,10,9,1893,2,880,0,325000
51,6120,4,7,1935,1,240,0,133000
88,11443,8,5,2005,3,880,0,369900
55,10267,6,7,1918,1,275,0,130000
74,8740,5,6,1982,2,528,0,137000
65,25095,5,8,1968,1,452,0,143000
50,9100,5,6,1930,1,308,0,79500
64,8320,7,5,2004,2,520,0,185900
97,13478,10,5,2008,3,842,0,451950
60,6600,5,8,1982,2,816,0,138000
NA,4435,6,5,2003,2,420,0,140000
88,7990,5,6,1975,1,280,0,110000
69,11302,8,5,2005,3,758,0,319000
60,3600,6,7,1910,1,216,0,114504
53,3922,7,5,2006,3,648,0,194201
80,12984,5,6,1977,2,621,0,217500
24,1950,6,6,1980,2,452,0,151000
74,10927,8,5,2005,2,736,0,275000
50,9000,6,6,1937,1,544,0,141000
80,10041,8,5,1992,2,506,0,220000
30,3182,7,5,2004,2,480,0,151000
88,12803,7,5,2002,2,530,0,221000
85,13600,7,6,1965,2,486,0,205000
82,12464,5,5,1996,2,576,0,152000
78,7800,5,8,1948,1,230,0,225000
78,12168,8,6,1934,2,380,0,359100
61,7943,4,5,1961,1,261,0,118500
NA,11050,9,5,2000,3,736,0,313000
NA,10395,6,6,1978,2,564,0,148000
NA,11885,8,5,2001,2,531,0,261500
70,8402,5,5,2007,0,0,0,147000
21,1491,4,6,1972,0,0,0,75500
80,8800,6,7,1963,2,480,0,137500
NA,7861,6,5,2002,2,393,0,183200
59,7227,6,6,1954,2,528,0,105500
90,11694,9,5,2007,3,774,0,314813
85,12244,8,5,2003,3,749,0,305000
45,8248,3,3,1914,0,0,0,67000
90,10800,6,7,1974,2,624,0,240000
71,7064,5,6,1977,2,484,0,135000
NA,2117,6,5,2000,2,440,0,168500
80,10400,6,5,1972,2,484,0,165150
87,10000,6,6,1962,2,440,0,160000
NA,12342,5,5,1960,1,286,0,139900
80,9600,6,6,1955,1,364,0,153000
70,11606,5,5,1969,2,504,0,135000
82,9020,6,5,1964,2,520,0,168500
50,9000,5,6,1880,1,240,0,124000
34,4590,8,5,2006,2,627,0,209500
85,11900,7,5,1977,2,544,0,82500
80,9250,5,7,1954,1,260,0,139400
64,6979,6,5,1980,2,576,0,144000
60,10896,6,7,1914,0,0,0,200000
51,6120,2,3,1936,0,0,0,60000
50,6000,5,4,1954,1,256,0,93000
67,8777,5,7,1910,0,0,0,85000
53,3982,8,5,2006,3,648,0,264561
62,12677,8,5,2003,2,588,0,274000
NA,7050,7,5,2001,2,650,0,226000
75,13860,8,7,1972,2,538,0,345000
80,10793,5,5,1969,2,462,0,152000
85,9187,9,5,2009,3,478,0,370878
NA,10530,6,5,1971,2,576,0,143250
60,7200,5,5,1950,2,420,0,98300
85,10452,6,5,1953,2,495,0,155000
70,7700,6,5,1966,2,442,0,155000
21,1936,4,6,1970,0,0,0,84500
65,8125,7,6,2007,2,562,0,205950
60,9084,4,5,1940,1,296,0,108000
70,8750,7,5,1996,2,512,0,191000
60,10320,6,7,1906,1,216,0,135000
91,10437,8,6,1995,3,839,0,350000
21,1680,6,5,1971,1,264,0,88000
72,10007,5,7,1959,1,312,0,145500
60,7200,7,6,1931,1,270,0,149000
78,17503,6,5,1948,1,330,0,97500
75,9937,5,7,1964,2,480,0,167000
NA,12384,7,7,1976,2,550,0,197900
52,46589,8,7,1994,3,711,0,402000
120,13560,6,3,1968,2,576,0,110000
90,10012,4,5,1972,2,588,0,137500
49,20896,8,5,2005,3,1134,0,423000
106,11194,8,5,2000,2,504,0,230500
NA,18450,6,5,1965,2,596,0,129000
65,8125,6,5,1994,2,575,0,193500
NA,14175,5,6,1956,2,576,0,168000
80,11600,4,5,1922,1,252,0,137500
64,8633,6,5,2005,2,540,0,173500
54,6629,6,6,1925,1,300,0,103600
NA,11250,6,6,1977,2,546,0,165000
110,14442,6,7,1957,2,416,0,257500
80,9200,6,6,1965,1,384,0,140000
24,2289,6,6,1978,2,440,0,148500
60,9600,4,2,1900,3,779,0,87000
52,9022,5,8,1924,1,240,0,109500
80,11844,8,5,2008,3,834,0,372500
NA,9945,5,5,1961,2,572,0,128500
50,8012,6,5,1980,1,264,0,143000
55,4500,5,5,1932,1,281,0,159434
NA,2887,6,5,1996,2,431,0,173000
90,11248,9,5,2002,3,702,0,285000
58,16770,7,5,1998,2,486,0,221000
NA,5062,7,5,1984,2,577,0,207500
84,10207,7,6,2007,2,578,0,227875
NA,5105,7,5,2004,2,480,0,148800
60,8089,8,6,2007,2,567,0,392000
61,7577,6,5,2005,2,460,0,194700
NA,4426,6,5,2004,2,420,0,141000
104,21535,10,6,1994,3,832,0,755000
42,26178,7,5,1989,2,628,0,335000
60,5400,5,6,1921,1,326,0,108480
51,6120,5,6,1936,2,576,0,141500
54,13811,6,6,1987,2,551,0,176000
50,6000,5,7,1921,1,205,0,89000
57,6420,5,7,1952,1,308,0,123500
65,8450,5,8,1965,1,336,0,138500
59,4282,7,5,2004,2,530,0,196000
85,14331,8,5,2002,3,765,0,312500
80,9600,7,5,1969,2,528,0,140000
82,12438,8,5,2006,3,666,0,361919
76,7630,5,9,1900,2,672,0,140000
70,8400,7,5,2004,2,606,0,213000
70,5600,4,5,1930,0,0,0,55000
NA,115149,7,5,1971,2,739,0,302000
48,6240,8,5,2006,2,550,0,254000
65,9018,7,5,2007,2,400,0,179540
NA,7162,5,7,1966,1,408,0,109900
56,4130,3,6,1935,0,0,0,52000
66,8712,4,7,1900,1,384,0,102776
40,4671,8,5,1988,2,472,0,189000
60,9873,4,5,1970,2,576,0,129000
NA,13517,6,8,1976,2,475,0,130500
78,10140,6,5,1974,2,478,0,165000
60,10800,7,8,1890,2,704,0,159500
80,10000,5,6,1973,2,439,0,157000
96,10542,7,5,1993,3,983,0,341000
69,9920,5,6,1969,1,300,0,128500
NA,6563,8,5,1985,2,564,0,275000
NA,4426,6,5,2004,2,420,0,143000
70,8120,4,7,1970,2,463,0,124500
60,8172,4,6,1954,1,548,0,135000
86,13286,9,5,2007,3,768,0,320000
60,6960,4,6,1970,2,660,0,120500
NA,21695,6,9,1988,2,540,0,222000
64,7314,7,5,2007,2,632,0,194500
85,11475,5,5,1958,3,888,0,110000
52,6240,4,5,1925,2,539,0,103000
39,5389,8,5,1995,2,608,0,236500
73,9590,7,5,2003,2,438,0,187500
75,11404,7,5,1998,2,541,0,222500
80,10000,5,6,1961,1,264,0,131400
NA,8978,5,5,1968,1,300,0,108000
60,10800,7,7,1914,2,320,0,163000
60,8544,3,4,1950,2,400,0,93500
72,10463,8,5,2005,3,800,0,239900
60,10800,5,5,1987,0,0,0,179000
65,9313,7,5,2004,2,572,0,190000
60,9600,5,7,1910,2,360,0,132000
65,6768,6,8,1961,1,288,0,142000
65,8450,7,5,2000,2,539,0,179000
70,12886,5,6,1963,2,480,0,175000
41,5395,8,5,1993,2,462,0,180000
NA,8963,8,9,1976,2,831,0,299800
NA,8795,7,5,2000,2,554,0,236000
65,11700,7,7,1880,4,864,0,265979
59,10593,7,5,1996,2,527,0,260400
50,8405,4,3,1945,1,240,0,98000
55,8800,4,7,1910,0,0,0,96500
NA,7750,7,5,2003,2,400,0,162000
79,9236,6,5,1997,2,576,0,217000
80,10240,8,5,2005,3,878,0,275500
61,7930,6,8,1969,2,440,0,156000
34,3230,6,5,1999,2,440,0,172500
68,10769,8,5,2007,2,578,0,212000
NA,11616,6,5,1978,2,440,0,158900
24,2280,7,5,1999,2,440,0,179400
65,12257,8,5,1995,3,752,0,290000
70,9100,6,6,1959,1,300,0,127500
60,6911,5,5,1924,2,440,0,100000
72,8640,7,5,2009,2,614,0,215200
82,9430,8,5,1999,3,856,0,337000
30,9549,8,5,1995,2,481,0,270000
75,14587,9,5,2008,2,592,0,264132
80,10421,7,5,1988,2,496,0,196500
75,12508,6,7,1940,1,423,0,160000
70,9100,7,5,2004,2,484,0,216837
47,53504,8,5,2003,3,841,0,538000
NA,7252,5,5,1982,2,576,0,134900
67,8877,4,5,1951,2,396,0,102000
94,7819,6,5,1976,2,672,0,107000
70,10150,5,5,1958,1,275,0,114500
110,14226,8,5,2006,3,895,0,395000
32,4500,6,5,1998,2,412,0,162000
86,11210,7,5,2005,3,865,0,221500
100,13350,5,5,1974,2,440,0,142500
60,8400,5,5,1977,2,630,0,144000
78,10530,6,5,1977,2,504,0,135000
63,7875,7,5,1995,2,402,0,176000
65,7153,6,5,1992,2,484,0,175900
67,16285,7,5,2001,2,605,0,187100
NA,9101,5,6,1978,2,602,0,165500
35,6300,6,6,1914,0,0,0,128000
NA,9790,6,5,1967,2,457,0,161500
60,10800,5,6,1915,1,416,0,139000
76,10142,7,5,2004,2,618,0,233000
50,6000,4,7,1954,1,281,0,107900
NA,12205,6,8,1966,2,444,0,187500
43,3182,7,5,2005,2,397,0,160200
NA,11333,6,5,1976,2,539,0,146800
92,9920,7,5,1996,2,455,0,269790
76,9158,8,5,2007,2,474,0,225000
NA,10832,7,5,1994,2,409,0,194500
70,8400,6,6,1980,2,476,0,171000
71,8197,6,5,1977,2,528,0,143500
57,7677,5,5,1953,1,240,0,110000
104,13518,9,5,2008,3,820,0,485000
60,7200,5,7,1937,1,240,0,175000
79,12798,6,5,1997,2,603,0,200000
40,4800,4,7,1916,2,440,0,109900
63,8199,7,5,2005,2,410,0,189000
107,13891,9,5,2008,3,1020,0,582933
75,9000,5,5,1954,1,286,0,118000
91,12274,7,5,2008,2,554,0,227680
75,9750,5,5,1967,1,384,0,135500
144,21384,5,6,1923,2,528,0,223500
85,13400,5,5,1966,2,484,0,159950
90,8100,5,5,1898,2,360,0,106000
78,10140,6,6,1974,2,484,648,181000
NA,4438,6,5,2004,2,420,0,144500
66,8712,5,5,1952,2,504,0,55993
75,9750,6,6,1958,1,301,0,157900
45,8248,5,7,1918,1,280,0,116000
48,12137,7,5,1998,2,598,0,224900
NA,11425,5,6,1954,1,275,0,137000
NA,13265,8,5,2002,3,857,0,271000
80,8816,6,7,1971,2,440,0,155000
44,6371,7,5,2009,2,484,0,224000
72,7226,7,5,2003,2,595,0,183000
60,6000,4,4,1953,2,576,0,93000
NA,12394,7,5,2003,2,433,0,225000
60,9900,6,7,1940,1,240,0,139500
81,11216,8,5,2006,2,776,0,232600
114,14803,10,5,2007,3,1220,0,385000
50,6130,5,6,1924,0,0,0,109500
65,8529,7,5,2001,2,527,0,189000
NA,28698,5,5,1967,2,538,0,185000
24,2544,7,5,2005,2,480,0,147400
80,11900,6,5,1957,2,458,0,166000
30,3180,7,5,2005,2,480,0,151000
44,9548,7,6,2003,2,613,0,237000
100,10004,6,6,1964,2,472,0,167000
75,7875,5,6,1961,2,456,0,139950
60,9600,4,7,1950,2,436,0,128000
90,8100,5,6,1948,2,812,0,153500
21,1680,6,5,1973,1,264,0,100000
75,9525,5,6,1995,1,352,0,144000
70,11767,5,6,1946,1,240,0,130500
NA,12155,6,8,1925,1,400,0,140000
60,10440,5,8,1904,2,686,0,157500
82,9020,6,7,1966,2,490,0,174900
80,8000,5,4,1961,0,0,0,141000
100,12665,5,8,1915,3,720,0,153900
NA,16647,5,5,1975,2,611,0,171000
75,9317,7,5,1993,2,425,0,213000
36,15523,5,6,1972,1,338,0,133500
75,45600,6,8,1908,2,360,0,240000
80,9600,6,7,1976,2,512,0,187000
36,4435,6,5,2003,2,420,0,131500
NA,3196,8,5,2003,2,400,0,215000
53,7128,7,5,1941,1,240,0,164000
NA,12095,6,6,1964,2,645,0,158000
102,17920,5,4,1955,2,454,0,170000
NA,6897,5,8,1962,1,260,0,127000
NA,10970,6,6,1978,2,576,0,147000
65,8125,6,5,1994,2,343,0,174000
80,10400,7,5,1976,2,479,0,152000
NA,11029,6,7,1968,2,619,0,250000
55,7642,7,8,1918,1,216,0,189950
75,11625,5,4,1965,2,504,0,131500
81,9672,6,5,1984,2,480,0,152000
70,7931,5,5,1959,1,672,0,132500
72,8640,7,5,2007,2,529,0,250580
NA,8750,5,6,1970,2,902,0,148500
67,10656,8,5,2006,3,870,0,248900
85,6970,4,5,1961,2,544,0,129000
NA,14762,5,6,1948,2,672,0,169000
80,9938,7,5,1993,2,574,0,236000
60,6600,5,5,1962,1,308,0,109500
70,8750,6,5,1998,2,523,0,200500
74,8892,5,7,1953,2,414,0,116000
60,12144,5,7,1949,1,288,0,133000
52,5720,5,6,1941,1,200,0,66500
75,9000,8,5,2007,2,550,0,303477
94,25286,4,5,1963,2,648,0,132250
74,8834,9,5,2004,3,738,0,350000
88,11782,5,7,1961,2,576,0,148000
NA,7000,5,8,1978,1,336,0,136500
60,7024,5,5,2005,2,450,0,157000
44,13758,7,5,1990,2,400,0,187500
NA,9636,6,5,1992,2,389,0,178000
60,6204,4,5,1912,1,440,0,118500
65,7150,5,5,1967,1,288,0,100000
50,5119,9,5,1999,2,506,0,328900
70,8393,5,5,1959,2,588,0,145000
59,16466,5,7,1955,1,300,0,135500
95,15865,8,6,1970,2,621,0,268000
128,12160,6,4,1953,2,505,0,149500
60,8064,5,7,1949,2,576,0,122900
70,11184,6,5,1978,2,440,0,172500
70,8414,6,8,1963,1,264,0,154500
NA,13284,5,5,1954,1,354,0,165000
64,7018,5,5,1979,2,400,0,118858
71,7056,6,5,1963,2,483,0,140000
50,8765,4,6,1936,1,327,0,106500
64,7018,5,5,1979,2,528,0,142953
100,12919,9,5,2009,3,820,0,611657
65,6993,5,7,1961,1,288,0,135000
NA,7340,4,6,1971,1,684,0,110000
64,8712,5,7,1957,1,756,0,153000
63,7875,7,5,2003,2,393,0,180000
50,14859,7,5,2006,3,690,0,240000
NA,6173,5,6,1967,1,288,0,125500
80,9920,5,5,1954,1,280,0,128000
116,13501,8,5,2006,3,865,0,255000
86,11500,7,7,1936,1,180,0,250000
NA,8885,5,5,1983,2,484,0,131000
149,12589,6,5,2005,2,390,0,174000
80,11600,5,5,1960,2,480,0,154300
NA,9286,5,7,1977,1,252,0,143500
51,6120,5,7,1925,1,450,0,88000
82,6270,5,6,1949,3,871,0,145000
30,3000,6,5,2009,2,528,0,173733
21,2001,4,5,1970,1,286,0,75000
50,9000,2,3,1949,1,308,0,35311
NA,17140,4,6,1956,1,284,0,135000
103,13125,7,5,1991,3,833,0,238000
87,11029,6,8,1958,2,601,0,176500
70,8462,6,5,1994,2,471,0,201000
67,8777,5,7,1900,0,0,0,145900
65,10237,6,5,2005,2,397,0,169990
50,8012,6,5,1993,2,533,0,193000
79,10240,6,6,1980,2,612,0,207500
NA,15611,5,6,1977,2,540,0,175000
93,11999,8,5,2003,3,656,0,285000
NA,9900,7,5,1968,2,486,0,176000
NA,11838,8,5,2001,2,522,0,236500
NA,13006,7,5,1997,2,642,0,222000
73,8925,8,5,2007,3,610,0,201000
70,9100,5,6,1965,1,429,0,117500
84,11670,9,5,2006,3,788,0,320000
63,8487,7,5,2004,2,570,0,190000
313,27650,7,7,1960,2,505,0,242000
52,5825,4,5,1926,2,528,0,79900
67,10083,7,5,2003,2,555,0,184900
75,9675,7,5,2005,2,689,0,253000
73,8760,7,5,2006,3,868,0,239799
NA,24090,7,7,1940,1,349,0,244400
55,12640,6,5,1976,2,574,0,150900
NA,8755,7,5,1999,2,390,0,214000
42,7711,4,3,1977,0,0,0,150000
100,25000,5,4,1967,2,576,0,143000
NA,14375,6,6,1958,2,525,0,137500
98,8820,5,6,1890,2,456,0,124900
70,8163,5,6,1959,1,796,0,143000
85,14536,8,5,2002,3,808,0,270000
65,14006,7,5,2002,2,474,0,192500
78,9360,6,7,1972,2,676,0,197500
60,7200,5,8,1950,2,720,0,129000
60,7800,5,5,1965,1,300,0,119900
60,7200,5,8,1972,1,396,0,133900
NA,11075,5,4,1969,2,530,0,172000
35,9400,6,5,1975,0,0,0,127500
82,7136,6,6,1946,2,492,0,145000
24,1300,6,6,1980,2,462,0,124000
70,7420,5,5,1962,2,576,0,132000
65,8450,7,5,2003,2,531,0,185000
24,2572,7,5,1999,2,484,0,155000
50,7207,5,7,1958,0,0,0,116500
NA,12227,6,7,1977,2,619,0,272000
24,2308,6,6,1976,2,440,0,155000
122,11923,9,5,2007,2,702,0,239000
80,11316,7,5,2002,2,510,0,214900
65,10237,6,5,2005,2,393,0,178900
130,9600,5,7,1940,1,256,0,160000
NA,7390,5,7,1955,1,260,0,135000
50,5925,3,6,1910,0,0,0,37900
75,10382,6,5,1958,1,264,0,140000
60,10800,4,4,1949,0,0,0,135000
36,2268,7,5,2003,2,474,0,173000
55,7892,6,5,1979,1,264,0,99500
95,11639,7,5,2007,2,480,0,182000
60,11414,7,8,1910,2,532,0,167500
NA,2651,7,5,2000,2,490,0,165000
51,5900,4,7,1923,0,0,0,85500
35,4274,7,5,2006,2,569,0,199900
68,9450,4,5,1954,2,400,0,110000
80,8816,5,6,1963,2,480,0,139000
NA,12122,7,9,1961,2,588,0,178400
98,12203,8,5,1998,3,676,0,336000
43,3182,7,5,2007,2,388,0,159895
NA,11250,8,5,2002,2,779,0,255900
75,10125,5,5,1977,2,539,0,126000
68,10880,5,5,1950,1,240,0,125000
59,5310,6,8,1910,1,255,0,117000
83,10159,9,5,2009,3,606,0,395192
NA,12046,6,6,1976,2,551,0,195000
65,8125,7,5,2006,2,614,0,197000
82,9452,8,5,1997,3,870,0,348000
121,17671,8,9,1882,2,424,0,168000
80,9760,6,8,1964,2,440,0,187000
68,8846,6,5,2005,2,564,0,173900
96,12456,10,5,2006,3,786,0,337500
51,4712,4,7,1946,1,305,0,121600
NA,10659,5,6,1961,1,368,0,136500
NA,11717,6,6,1970,2,615,0,185000
60,9786,3,4,1922,1,210,0,91000
64,6762,7,5,2006,2,632,0,206000
74,10206,3,3,1952,2,528,0,82000
60,5400,5,6,1920,1,216,0,86000
75,11957,8,5,2006,3,824,0,232000
NA,11500,5,6,1976,2,528,0,136905
43,3182,7,5,2005,2,457,0,181000
65,8385,5,8,1977,1,328,0,149900
NA,12155,6,3,1970,2,484,0,163500
21,2217,4,4,1970,1,286,0,88000
43,12118,7,5,2004,2,550,0,240000
60,6000,5,5,1926,0,0,0,102000
115,21286,5,5,1948,1,312,0,135000
75,9825,5,5,1965,0,0,0,100000
55,10592,6,7,1923,1,180,0,165000
60,7200,5,4,1910,1,280,0,85000
60,11664,6,5,1948,1,240,0,119200
70,8400,8,6,2001,2,528,0,227000
73,11883,7,5,1996,2,478,0,203000
NA,5814,8,5,1984,2,565,0,187500
NA,10784,7,5,1991,2,402,0,160000
43,3013,7,5,2005,2,440,0,213490
60,7024,4,5,2005,2,451,0,176000
64,7406,7,5,2006,2,632,0,194000
52,9439,5,5,1930,1,160,0,87000
43,3182,7,5,2005,2,437,0,191000
NA,15498,8,6,1976,2,665,0,287000
70,7700,5,5,1972,2,461,0,112500
73,9300,5,5,1960,2,461,0,167500
71,9520,8,5,2007,3,800,0,293077
79,9492,5,5,1941,1,240,0,105000
21,1680,6,7,1972,1,264,0,118000
NA,7082,5,8,1916,0,0,0,160000
102,15863,7,3,1920,2,672,0,197000
NA,14541,8,7,1993,3,796,0,310000
NA,8125,7,5,2002,3,900,0,230000
50,6305,5,7,1938,1,240,0,119750
NA,11500,4,3,1957,1,290,0,84000
89,12898,9,5,2007,3,912,0,315500
NA,9240,8,5,2001,2,905,0,287000
21,1533,4,6,1970,0,0,0,97000
21,1477,4,4,1970,1,286,0,80000
88,13125,5,4,1957,2,484,0,155000
NA,9130,6,8,1966,2,484,0,173000
34,5381,6,5,2005,2,624,0,196000
86,11839,7,5,1990,2,514,0,262280
80,9600,8,5,1981,2,542,0,278000
NA,13680,3,5,1955,2,452,0,139600
85,16056,9,5,2005,3,716,0,556581
57,9245,5,5,1994,2,672,0,145000
100,21750,5,4,1960,2,336,0,115000
60,11100,4,7,1946,1,308,0,84900
73,8993,7,5,2007,2,436,0,176485
103,11175,7,5,2007,2,440,0,200141
100,9500,6,6,1964,2,540,0,165000
68,8562,5,6,1957,1,364,0,144500
90,11367,8,5,2002,2,586,0,255000
104,11361,6,5,1976,2,478,0,180000
43,7052,7,5,2005,2,484,0,185850
NA,29959,7,6,1994,2,467,0,248000
96,11308,9,5,2008,3,836,0,335000
NA,11275,6,7,1932,2,432,0,220000
41,4920,8,5,2001,2,582,0,213500
120,18000,3,4,1935,3,1248,0,81000
85,13600,5,5,1900,2,560,0,90000
50,6000,6,6,1925,2,440,0,110500
NA,11000,5,6,1966,2,480,0,154000
80,14000,7,5,1996,2,533,0,328000
59,7837,6,7,1993,2,380,0,178000
80,9760,6,6,1964,2,442,0,167900
42,3964,6,4,1973,2,576,0,151400
60,9600,5,7,1949,2,576,0,135000
72,10152,5,5,1956,1,286,0,135000
78,11700,6,6,1968,2,441,0,154000
50,7585,5,3,1948,1,280,0,91500
75,7950,6,6,1977,2,440,0,159500
74,8556,7,5,2006,3,826,0,194000
75,13125,7,6,1940,1,240,0,219500
60,10800,5,8,1936,2,566,0,170000
NA,15870,5,5,1969,1,299,0,138800
37,4435,6,5,2004,2,420,0,155900
65,8775,5,5,1994,1,299,0,126000
80,11040,6,7,1971,2,528,0,145000
75,7500,5,5,1963,1,308,0,133000
70,8749,7,5,2002,2,527,0,192000
80,8800,6,6,1964,1,461,0,160000
NA,13031,6,5,1995,2,409,0,187500
73,9069,6,6,1992,2,564,0,147000
NA,1974,4,5,1973,1,286,0,83500
85,10574,8,5,2005,3,1043,0,252000
24,2522,7,5,2004,2,380,0,137500
37,3316,8,5,2005,2,550,0,197000
60,8544,3,4,1950,2,400,0,92900
24,2160,7,5,1999,2,462,0,160000
60,8400,6,5,1925,2,576,0,136500
71,9230,5,8,1965,2,884,0,146000
74,5868,5,7,1956,1,308,0,129000
78,9317,6,5,2006,2,440,0,176432
60,6882,6,7,1914,0,0,0,127000
NA,3696,8,5,1986,2,461,0,170000
50,6000,4,6,1936,1,240,0,128000
82,11880,7,5,1978,2,478,0,157000
60,8400,2,5,1920,1,246,0,60000
61,9758,5,5,1971,1,280,0,119500
70,7000,5,7,1960,1,254,0,135000
79,8910,6,6,1959,2,539,0,159500
24,2016,5,5,1970,2,440,0,106000
98,12256,8,5,1994,2,712,0,325000
114,10357,7,5,1990,2,719,0,179900
168,23257,7,5,2006,2,422,0,274725
NA,8063,6,5,2000,2,463,0,181000
107,11362,8,5,2004,3,862,0,280000
NA,8000,6,5,1995,2,431,0,188000
80,10480,7,6,1976,2,483,0,205000
73,7100,5,7,1957,1,308,0,129900
66,8923,5,7,1953,1,240,0,134500
90,5400,5,7,1954,1,326,0,117000
93,12085,8,5,2007,3,928,0,318000
NA,7750,8,5,2002,2,527,0,184100
57,9764,5,7,1967,2,450,0,130000
85,13825,5,6,1958,1,300,0,140000
70,7560,5,5,1959,1,286,0,133700
59,8263,6,5,1920,1,308,0,118400
84,10084,7,5,2005,3,782,0,212900
NA,8926,4,3,1956,1,288,0,112000
50,9405,5,9,1947,0,0,0,118000
NA,9125,7,5,1992,2,392,0,163900
60,10434,4,5,1955,2,672,0,115000
53,3684,7,5,2007,3,660,0,174000
182,14572,7,5,2004,3,630,0,259000
59,11796,7,5,2004,2,434,0,215000
60,7200,5,5,1980,2,672,0,140000
65,7804,4,3,1928,2,576,0,135000
63,10712,5,5,1991,0,0,0,93500
90,9900,6,4,1880,1,205,0,117500
80,9828,8,5,1995,2,466,0,239500
57,8773,6,5,1997,2,460,0,169000
60,6180,6,5,1926,1,180,0,102000
80,9600,6,5,1950,1,288,0,119000
54,6342,5,8,1875,0,0,0,94000
NA,9819,6,5,1977,2,714,0,196000
98,8731,5,5,1920,2,495,0,144000
60,7350,5,7,1951,2,840,0,139000
NA,10304,5,7,1976,2,484,0,197500
77,9965,8,5,2006,3,1052,0,424870
NA,9000,5,3,1959,0,0,0,80000
60,12180,4,4,1941,1,280,0,80000
52,6240,5,6,1928,1,225,0,149000
NA,11200,6,5,1985,2,403,0,180000
75,12000,7,7,1941,1,234,0,174500
NA,5700,7,7,1926,1,288,0,116900
50,9000,7,9,1920,2,324,0,143000
57,8280,6,5,1950,1,306,0,124000
134,17755,5,4,1959,2,528,0,149900
90,14115,6,7,1956,2,470,0,230000
NA,5890,6,8,1930,1,432,0,120500
NA,13700,7,6,1965,2,492,0,201800
90,10768,5,8,1976,2,528,0,218000
85,9350,5,8,1965,2,502,0,179900
34,5001,7,5,2007,2,626,0,230000
92,11932,8,5,2007,3,830,0,235128
76,9120,6,6,1974,2,540,0,185000
24,2280,6,5,1978,2,440,0,146000
NA,14778,6,7,1954,2,924,0,224000
109,8724,5,5,1968,2,450,0,129000
60,12900,4,4,1969,2,400,0,108959
NA,16157,5,7,1978,2,588,0,194000
79,9541,7,5,2009,2,644,0,233170
64,10475,8,5,2008,3,776,0,245350
58,10852,6,5,2000,2,472,0,173000
120,13728,6,7,1935,2,540,0,235000
118,35760,10,5,1995,3,807,0,625000
76,9880,6,6,1977,1,358,576,171000
76,9120,6,6,1958,2,433,0,163000
35,4017,7,5,2006,2,625,0,171900
138,18030,5,6,1946,0,0,0,200500
80,16560,6,8,1932,2,360,0,239000
85,10678,8,5,1992,2,541,0,285000
37,6951,5,5,1984,1,264,0,119500
NA,3950,6,8,1926,1,210,0,115000
54,7681,5,6,1921,1,186,0,154900
77,8335,5,5,1954,0,0,0,93000
NA,11170,7,5,1990,2,693,0,250000
64,5587,8,5,2008,2,482,0,392500
160,15623,10,5,1996,3,813,555,745000
60,10800,5,6,1920,2,720,0,120000
50,35133,5,4,1963,3,995,0,186700
60,9738,5,7,1924,1,392,0,104900
107,10615,3,5,1900,2,420,0,95000
89,12461,8,5,1994,3,757,0,262000
68,8935,7,5,2002,2,493,0,195000
60,7500,7,5,1999,2,442,0,189000
NA,32463,4,4,1961,4,1356,0,168000
24,2645,8,5,1999,2,492,0,174000
60,9600,5,8,1925,1,250,0,125000
NA,4500,6,5,1999,2,402,0,165000
80,9364,6,7,1969,1,299,0,158000
51,8029,6,5,2005,2,400,0,176000
58,14054,7,5,2006,3,660,0,219210
65,8850,7,6,1916,1,225,0,144000
70,9100,7,5,2001,2,573,0,178000
75,11235,4,5,1963,2,459,0,148000
71,9353,4,5,1970,1,280,0,116050
80,10400,7,5,1998,2,546,0,197900
50,6000,5,8,1925,1,216,0,117000
75,9750,7,5,2000,2,451,0,213000
78,10140,5,6,1975,2,495,0,153500
90,14684,7,7,1990,3,701,0,271900
NA,8900,4,4,1966,1,384,0,107000
70,9135,6,5,2003,2,544,0,200000
70,7763,5,7,1962,2,506,0,140000
85,10182,8,5,2006,2,500,0,290000
70,11218,6,5,1992,2,462,0,189000
152,12134,8,7,1988,2,492,0,164000
50,9340,4,6,1941,1,234,0,113000
NA,10246,4,9,1965,1,364,0,145000
69,10205,5,5,1962,1,300,0,134500
99,7094,5,5,1966,1,384,0,125000
68,8930,6,5,1978,2,539,0,112000
72,8640,8,5,2009,2,552,0,229456
52,6240,4,5,1947,0,0,0,80500
21,1680,6,5,1971,0,0,0,91500
66,7800,5,5,1964,1,288,0,115000
55,8250,5,5,1968,1,322,0,134000
78,10496,6,6,1949,1,315,0,143000
89,10680,5,3,1951,2,528,0,137900
60,15384,7,5,2004,2,388,0,184000
65,10482,6,8,1958,1,264,0,145000
86,14598,6,5,2007,3,668,0,214000
72,8872,5,8,1965,2,576,0,147000
65,8769,9,5,2008,3,1052,0,367294
70,7910,5,5,1960,1,404,0,127000
NA,18890,5,5,1977,2,600,0,190000
70,7728,5,6,1962,2,540,0,132500
70,9842,4,5,1962,2,462,0,101800
NA,12160,5,5,1959,2,531,0,142000
55,8525,5,6,1911,0,0,0,130000
96,13132,5,5,1914,1,180,0,138887
36,2628,7,5,2003,2,474,0,175500
41,12393,7,5,2004,2,434,0,195000
63,13072,6,5,2005,2,484,0,142500
64,9037,8,5,2006,2,472,0,265900
65,8158,7,5,2003,2,543,0,224900
83,9849,7,6,2007,3,954,0,248328
85,10625,7,6,1974,2,528,0,170000
107,13891,10,5,2006,3,850,0,465000
NA,11435,8,7,1929,2,400,0,230000
78,12090,6,7,1984,2,477,0,178000
65,8125,7,5,2005,2,615,0,186500
NA,12328,6,5,1976,3,888,0,169900
60,9600,6,5,1917,2,396,0,129500
60,7200,5,7,1950,1,276,0,119000
93,11160,7,5,1968,2,522,0,244000
NA,3136,7,5,2003,2,478,0,171750
62,9858,5,6,1968,1,288,0,130000
NA,17542,7,7,1974,2,518,0,294000
60,6931,7,5,2003,2,397,0,165400
52,6240,6,6,1931,1,560,0,127500
91,14303,8,5,1994,2,691,0,301500
56,4060,5,8,1922,0,0,0,99900
59,9587,7,5,2005,2,400,0,190000
65,9750,6,8,1969,2,460,0,151000
NA,24682,6,5,1999,2,502,0,181000
80,9600,5,6,1956,1,338,0,128900
NA,11250,4,5,1957,1,304,0,161500
60,13515,6,6,1919,2,520,0,180500
34,4060,6,5,1998,2,511,0,181000
35,3735,7,5,1999,2,506,0,183900
60,10120,7,4,1910,1,308,0,122000
89,13214,9,5,2008,3,746,0,378500
NA,14100,8,9,1935,3,1014,0,381000
78,11344,5,5,1958,1,315,0,144000
NA,23595,7,6,1979,2,586,0,260000
NA,9156,6,7,1968,2,462,0,185750
NA,13526,5,6,1965,1,288,0,137000
124,11512,6,7,1959,1,312,0,177000
53,5362,5,6,1910,2,552,0,139000
95,11345,5,5,1948,2,400,0,137000
NA,12936,6,6,1972,2,497,0,162000
NA,17871,6,5,1967,2,480,0,197900
75,9473,8,5,2002,2,577,0,237000
60,7500,4,4,1920,2,528,0,68400
67,9808,7,5,2002,2,544,0,227000
50,8049,7,5,1990,2,484,0,180000
61,8800,5,7,1977,2,484,0,150500
94,9400,6,5,1971,0,0,0,139000
50,9638,6,7,1919,1,336,0,169000
50,6000,6,6,1939,1,280,0,132500
NA,9790,6,5,1963,2,528,0,143000
NA,36500,5,5,1964,2,390,0,190000
40,5664,8,5,2000,2,499,0,278000
86,11065,8,5,2006,3,753,0,281000
NA,14112,5,7,1964,2,484,0,180500
21,1680,5,7,1972,1,264,0,119500
60,6600,5,4,1892,1,432,0,107500
78,10140,7,5,1976,2,528,0,162900
60,8172,5,7,1955,2,572,0,115000
70,8400,5,5,1968,1,288,0,138500
80,8700,5,6,1963,2,525,0,155000
35,3675,6,5,2005,2,525,0,140000
313,63887,10,5,2008,2,1418,480,160000
75,7500,5,7,1959,1,305,0,154000
NA,10762,7,5,1999,2,490,0,225000
NA,7500,6,7,1942,1,213,0,177500
92,10120,8,5,1994,3,844,0,290000
73,8688,7,5,2005,3,834,0,232000
32,3363,7,5,2004,2,380,0,130000
108,13173,9,5,2006,2,840,0,325000
48,6955,7,5,2005,2,474,0,202500
60,8072,5,5,1994,2,480,0,138000
100,12000,5,7,1948,2,528,0,147000
NA,7153,6,5,1991,2,496,0,179200
100,17500,7,8,1959,2,567,0,335000
68,8814,7,5,2005,2,508,0,203000
NA,9572,8,5,1990,2,750,0,302000
108,14774,9,5,1999,3,779,0,333168
60,8190,4,6,1954,1,280,0,119000
85,11075,6,5,1969,2,576,0,206900
61,10226,8,5,2008,3,860,0,295493
47,4230,7,5,2006,2,466,0,208900
NA,14781,8,5,2001,3,748,0,275000
75,10215,4,5,1954,1,248,0,111000
70,8400,6,3,1957,2,442,0,156500
NA,6627,3,6,1949,1,287,0,72500
107,10186,7,5,1992,2,564,0,190000
50,5330,4,7,1940,0,0,0,82500
75,9986,8,5,2006,3,895,0,147000
40,3636,4,4,1922,0,0,0,55000
70,4270,3,6,1931,0,0,0,79000
60,6600,5,9,1982,1,264,0,130500
60,10440,6,7,1920,2,520,0,256000
63,9084,7,5,1998,2,462,0,176500
85,10000,8,5,2006,3,825,0,227000
55,10780,5,5,1976,2,576,0,132500
67,8877,4,6,1938,1,288,0,100000
60,7200,5,6,1938,1,297,0,125500
24,2368,5,6,1970,2,440,0,125000
80,9650,6,5,1977,2,630,0,167900
87,9246,5,5,1973,2,506,0,135000
153,4118,4,4,1941,0,0,0,52500
95,13450,7,5,2002,2,492,0,200000
120,9560,5,7,1972,1,288,0,128500
70,8294,4,5,1971,4,480,0,123000
66,13695,6,5,2003,2,576,0,155000
NA,9375,8,5,2002,2,647,0,228500
57,7558,6,6,1928,2,342,0,177000
85,11103,7,5,2006,2,440,0,155835
50,6000,4,4,1920,1,308,0,108500
NA,20781,7,7,1968,2,508,0,262500
93,15306,8,5,2006,3,712,0,283463
NA,16196,7,5,1998,2,514,0,215000
50,5250,8,5,1872,0,0,0,122000
91,11643,5,5,1969,4,968,0,200000
70,9247,6,6,1962,2,490,0,171000
50,6000,6,9,1937,2,624,0,134900
56,14720,8,5,1995,3,666,0,410000
NA,10316,7,5,2000,3,839,0,235000
102,10192,7,6,1968,2,487,0,170000
NA,9477,5,5,1966,1,264,0,110000
NA,12537,5,6,1971,2,500,0,149900
NA,2117,6,5,2000,2,440,0,177500
129,16737,9,5,2004,3,770,0,315000
51,9842,5,6,1921,2,621,0,189000
124,16158,7,5,2005,2,430,0,260000
NA,12513,4,4,1920,1,368,0,104900
73,8499,6,5,2006,2,432,0,156932
30,3180,7,5,2005,2,480,0,144152
NA,7500,7,5,2000,2,663,0,216000
68,9179,7,5,1999,2,588,0,193000
41,2665,5,6,1977,1,336,0,127000
NA,4435,6,5,2003,2,420,0,144000
48,10635,8,5,2003,2,502,0,232000
90,5400,4,6,1920,1,338,0,105000
80,9600,6,6,1955,1,377,0,165500
75,9750,7,6,1998,2,583,0,274300
NA,11400,10,5,2001,3,804,0,466500
85,10625,7,5,2005,3,936,0,250000
89,10991,8,5,2007,3,722,0,239000
52,6292,6,5,1930,1,160,0,91000
60,10998,5,5,1941,2,660,0,117000
21,1953,6,5,1973,1,264,0,83000
73,9735,5,5,2006,2,400,0,167500
45,8212,3,3,1914,1,200,0,58500
NA,12925,6,7,1970,2,550,0,237500
60,7200,7,7,1920,2,576,0,157000
NA,25339,5,7,1918,2,576,0,112000
60,9060,6,5,1939,1,280,0,105000
40,5436,4,8,1922,1,240,0,125500
80,16692,7,5,1978,2,564,519,250000
60,8520,6,7,1916,1,216,0,136000
42,14892,9,5,2006,3,758,0,377500
60,6000,6,6,1941,2,440,0,131000
70,9100,7,5,2000,2,541,0,235000
65,8944,5,5,1967,3,792,0,124000
68,7838,5,5,1967,1,288,0,123000
60,10800,6,7,1905,2,672,0,163000
53,4045,7,5,2006,3,648,0,246578
88,12665,8,5,2005,3,642,0,281213
NA,57200,5,5,1948,2,572,0,160000
51,6120,5,8,1920,1,180,0,137500
60,7200,5,4,1950,1,240,0,138000
51,6171,6,6,1925,1,216,0,137450
50,6000,6,7,1929,1,208,0,120000
62,7415,6,5,2004,2,398,0,193000
64,6762,7,5,2006,2,662,0,193879
49,15256,8,5,2007,3,754,0,282922
60,10410,3,4,1915,3,936,0,105000
44,3842,8,5,2004,2,482,0,275000
70,8445,5,7,1972,2,396,0,133000
NA,8780,5,5,1985,0,0,0,112000
60,7740,4,7,1910,2,528,0,125500
46,20544,7,6,1986,2,542,0,215000
79,12420,7,5,2001,2,622,0,230000
80,9600,6,8,1950,1,271,0,140000
60,7200,4,5,1949,2,420,0,90000
88,10994,8,5,2005,2,620,0,257000
64,13053,6,7,1923,2,370,0,207000
51,3635,7,5,2007,3,660,0,175900
60,11340,4,6,1885,2,560,0,122500
NA,16545,8,5,1998,3,1069,0,340000
71,9204,5,5,1963,1,336,0,124000
NA,16381,6,5,1969,2,540,0,223000
90,11700,6,6,1968,2,776,0,179900
53,4043,6,5,1977,2,440,0,127500
37,4435,6,5,2003,2,420,0,136500
NA,19690,6,7,1966,2,432,738,274970
NA,9503,5,5,1958,1,484,0,144000
80,10721,6,6,1959,2,528,0,142000
81,10944,7,5,1994,2,525,0,271000
60,10930,5,6,1945,1,288,0,140000
60,7200,5,7,1940,1,240,0,119000
NA,12546,6,7,1981,2,467,0,182900
60,21930,5,5,2005,2,372,0,192140
NA,4928,6,6,1976,2,440,0,143750
60,10800,4,6,1927,1,216,0,64500
93,10261,6,5,2000,2,451,0,186500
80,17400,5,5,1977,2,484,0,160000
80,8400,6,9,1962,2,462,0,174000
60,9000,4,6,1971,2,528,0,120500
96,12444,8,5,2008,3,774,0,394617
90,7407,6,7,1957,2,923,0,149700
80,11584,7,6,1979,2,550,0,197000
79,11526,6,7,1922,2,672,0,191000
NA,4426,6,5,2004,2,420,0,149300
85,11003,10,5,2008,3,812,0,310000
NA,8854,6,6,1916,1,192,0,121000
63,8500,7,5,2004,2,626,0,179600
70,8400,6,5,1966,1,240,0,129000
NA,26142,5,7,1962,1,312,0,157900
80,10000,8,5,1995,2,556,0,240000
70,11767,4,7,1910,1,384,0,112000
21,1533,5,7,1970,0,0,0,92000
60,9000,5,5,1974,0,0,0,136000
78,9262,8,5,2008,3,840,0,287090
35,3675,5,5,2005,2,525,0,145000
90,17217,5,5,2006,0,0,0,84500
62,7500,7,5,2004,2,400,0,185000
62,7917,6,5,1999,2,460,0,175000
85,13175,6,6,1978,2,500,0,210000
66,9042,7,9,1941,1,252,0,266500
68,9717,5,6,1950,1,240,0,142125
75,9937,5,6,1965,1,276,0,147500
