Employee_ID,Performance_Score,Years_Experience,Training_Hours,Job_Satisfaction,Age,Number_Projects,Overtime_Hours
126,70,9,36,4,45,2,20
127,73,8,35,5,21,4,12
128,66,4,28,5,30,3,6
129,68,2,9,2,39,4,10
130,74,8,36,3,39,8,10
131,66,4,48,3,42,4,10
132,69,3,35,3,28,4,13
133,67,12,52,2,20,3,12
134,81,11,27,4,34,4,8
135,76,8,44,2,35,5,10
136,62,3,58,2,29,6,4
137,50,9,25,4,43,4,6
138,64,9,36,3,47,7,15
139,75,8,38,3,35,8,4
140,69,4,35,3,27,3,16
141,73,5,61,3,32,9,14
142,64,14,53,2,44,4,14
143,78,4,29,5,37,6,15
144,65,12,12,4,29,6,9
145,59,8,56,4,40,8,6
146,56,8,53,4,31,6,13
147,71,10,22,4,42,3,15
148,90,7,32,3,32,4,11
149,72,7,65,3,26,9,12
150,67,8,44,3,55,5,11
151,66,9,31,1,48,4,7
152,91,9,44,4,30,6,6
153,79,11,30,3,35,3,0
154,66,11,48,5,36,5,4
155,49,10,69,3,41,8,11
156,62,8,21,3,31,6,17
157,47,6,34,3,46,6,4
158,79,9,63,2,36,4,13
159,75,6,40,3,38,9,16
160,53,3,38,2,33,4,14
161,64,3,55,5,33,7,5
162,60,7,21,3,43,5,19
163,73,8,31,3,38,4,11
164,65,5,65,4,35,7,13
165,75,8,39,4,31,8,16
166,71,6,43,5,35,11,17
167,69,3,40,1,33,9,23
168,70,7,37,3,29,6,2
169,61,9,12,3,33,7,9
170,73,4,54,5,26,6,12
171,92,8,45,3,38,4,4
172,76,8,16,4,30,5,9
173,77,8,24,3,30,4,12
174,78,8,27,4,33,6,21
175,86,9,37,3,41,5,7
176,59,9,42,5,38,1,2
177,73,6,17,2,40,8,10
178,66,0,54,5,39,5,11
179,76,8,61,5,31,4,7
180,76,9,36,2,38,6,8
181,81,5,39,3,29,5,9
182,72,6,38,4,38,8,9
183,72,7,52,4,43,4,17
184,72,4,30,4,37,4,6
185,77,11,57,4,39,6,7
186,74,7,40,5,30,2,15
187,63,5,25,3,33,7,14
188,66,11,57,3,35,4,12
189,65,5,63,4,38,4,11
190,83,6,26,2,28,8,15
191,75,6,56,5,31,8,14
192,91,7,30,4,43,4,8
193,57,7,45,3,36,5,7
194,80,14,32,3,31,3,13
195,103,13,51,1,37,5,15
196,59,9,39,3,28,3,7
197,69,7,59,3,40,4,3
198,64,8,44,2,45,2,11
199,52,6,40,3,35,3,16
200,66,2,33,4,36,9,5
201,77,6,41,2,37,4,5
202,65,12,52,3,44,3,6
203,84,10,50,3,36,7,6
204,67,8,46,3,33,6,7
205,69,4,37,4,34,5,0
206,55,11,29,3,30,10,11
207,62,7,33,3,50,5,10
208,57,12,23,4,43,9,13
209,85,10,32,3,22,4,4
210,79,5,59,4,20,8,9
211,77,9,44,3,39,9,10
212,59,9,37,5,43,5,16
213,63,11,56,3,29,4,12
214,78,9,71,3,49,7,8
215,56,7,69,3,39,6,4
216,87,9,38,5,39,4,10
217,77,12,51,4,37,5,10
218,68,6,64,4,28,4,14
219,66,7,55,4,23,3,14
220,71,9,24,4,28,7,16
221,73,11,6,4,33,1,2
222,83,12,44,4,42,7,10
223,72,8,16,4,27,7,10
224,65,2,23,4,39,10,18
225,82,8,31,3,28,4,4
226,66,10,40,3,29,3,16
227,85,7,28,4,42,4,2
228,56,12,35,4,39,3,12
229,84,4,42,4,46,2,13
230,66,11,22,1,33,5,12
231,52,7,54,4,37,6,17
232,71,8,22,2,32,5,8
233,78,10,62,5,42,5,14
234,77,4,43,4,26,8,11
235,70,4,46,4,33,4,6
236,76,0,43,2,34,6,3
237,63,6,22,3,27,4,12
238,66,8,41,2,22,4,12
239,79,10,53,3,37,3,4
240,67,6,8,5,42,4,18
241,76,8,72,5,34,6,6
242,65,7,58,5,34,2,9
243,70,7,19,3,32,8,11
244,66,2,45,2,35,5,10
245,59,6,21,5,37,4,10
246,76,9,26,4,36,5,17
247,58,8,30,3,32,6,16
248,56,10,31,4,41,4,25
249,90,9,35,3,25,11,8
250,62,10,47,3,37,7,3
251,71,12,34,3,52,5,12
252,71,5,46,4,39,1,3
253,55,9,37,3,38,6,10
254,68,7,22,2,28,3,16
255,68,10,7,4,36,4,13
256,103,6,29,5,40,5,3
257,73,6,45,3,36,6,13
258,79,10,46,2,44,4,6
259,77,2,51,3,22,10,17
260,68,9,35,3,34,1,13
261,65,8,29,4,40,4,12
262,67,8,53,2,40,5,16
263,70,6,24,5,32,4,5
264,82,9,43,4,20,1,10
265,81,12,47,4,28,8,5
266,66,6,26,5,27,7,12
267,67,5,25,4,46,3,9
268,71,5,72,2,41,8,17
269,63,6,48,3,22,8,9
270,85,11,43,4,35,4,11
271,82,13,74,3,36,4,14
272,73,10,22,4,32,4,7
273,68,7,26,4,35,5,14
274,72,9,31,5,31,7,17
275,65,4,29,4,32,3,15
276,52,8,22,3,33,8,6
277,58,3,25,5,29,6,6
278,76,11,31,2,45,5,11
279,67,11,24,4,39,8,2
280,79,7,53,1,28,5,11
281,59,9,49,4,29,7,14
282,69,10,27,5,42,5,11
283,71,5,51,4,31,5,16
284,62,9,39,3,39,7,5
285,63,9,53,4,24,4,15
286,59,12,63,3,35,1,8
287,65,15,71,5,45,6,2
288,77,4,37,4,21,2,6
289,64,0,27,4,35,6,18
290,64,6,50,4,39,8,1
291,76,5,23,5,26,5,20
292,67,9,39,4,27,3,10
293,78,5,57,3,34,5,15
294,68,10,38,2,29,7,6
295,62,7,47,5,32,5,15
296,70,6,29,3,36,5,4
297,66,10,35,4,37,4,0
298,76,11,20,4,24,7,8
299,74,9,43,4,27,5,6
300,51,9,38,3,27,6,6
301,68,6,28,3,38,5,12
302,51,4,59,4,27,3,8
303,89,5,38,4,42,2,8
304,79,9,52,4,27,5,8
305,61,10,39,2,34,5,6
306,71,12,51,5,45,5,12
307,77,9,29,4,41,3,5
308,57,6,33,4,34,2,4
309,71,12,33,3,34,6,19
310,97,11,52,4,20,4,6
311,64,7,61,3,35,7,9
312,80,9,28,3,33,4,20
313,78,6,23,2,33,6,9
314,60,8,31,4,33,6,18
315,81,9,27,2,36,8,15
316,89,12,10,2,41,6,9
317,76,7,41,4,42,8,4
318,79,5,45,4,20,6,6
319,65,7,42,3,40,6,15
320,83,6,29,3,38,7,6
321,58,5,45,3,45,4,10
322,56,10,65,4,39,8,16
323,70,8,43,4,48,7,0
324,86,8,33,5,33,3,8
325,73,6,45,4,35,3,4
326,57,2,35,4,46,4,17
327,64,13,55,4,41,6,15
328,60,8,40,5,34,7,9
329,64,7,11,5,35,1,11
330,72,8,36,2,23,7,7
331,78,13,50,1,43,3,4
332,69,5,42,3,36,3,4
333,64,8,25,5,35,5,15
334,62,10,53,2,43,5,3
335,62,7,42,4,26,8,10
336,88,13,49,4,30,6,16
337,76,7,22,4,34,4,4
338,70,11,40,3,38,4,21
339,78,10,38,4,45,3,14
340,76,9,68,5,41,5,10
341,72,5,13,3,35,5,7
342,80,5,60,3,43,3,18
343,70,10,41,3,29,9,4
344,78,10,38,1,41,4,2
345,53,12,30,3,28,4,13
346,76,6,48,3,43,2,7
347,71,6,32,3,39,7,12
348,83,8,26,4,33,5,8
349,68,4,43,4,43,5,18
350,64,9,47,4,34,5,4
351,67,15,33,4,30,2,0
352,84,8,0,3,30,5,17
353,90,5,37,4,30,5,16
354,67,9,59,4,39,4,14
355,72,4,59,4,36,4,13
356,78,9,22,4,48,7,11
357,78,10,41,3,34,3,6
358,85,8,54,4,35,6,11
359,78,12,3,2,23,10,22
360,62,9,17,4,33,6,17
361,72,4,51,4,35,6,16
362,88,8,22,4,50,1,5
363,81,8,45,5,39,5,13
364,65,9,42,4,36,4,8
365,75,5,52,3,36,5,6
366,69,7,31,3,32,4,7
367,76,8,47,4,33,7,7
368,76,3,84,3,32,7,17
369,80,14,10,4,39,7,6
370,93,6,50,4,32,3,8
371,68,11,52,4,33,8,2
372,71,8,31,5,33,10,6
373,74,7,82,5,34,2,22
374,63,11,71,1,25,4,1
375,60,6,18,4,26,5,14
376,83,8,32,3,39,7,16
377,53,10,55,4,40,4,16
378,59,10,65,4,32,8,10
379,63,12,18,3,33,2,13
380,64,6,53,4,24,6,13
381,67,10,49,5,30,7,18
382,57,13,50,3,31,8,22
383,57,5,23,2,31,4,9
384,67,15,0,4,36,5,7
385,66,5,52,3,34,4,12
386,77,12,45,4,31,5,11
387,49,3,27,5,40,5,10
388,86,8,39,5,34,6,16
389,68,9,51,1,44,2,7
390,58,10,46,3,32,3,16
391,73,8,61,4,55,7,6
392,57,9,44,5,37,4,16
393,85,10,52,3,35,8,13
394,63,7,24,3,31,5,14
395,63,3,26,4,36,5,14
396,67,9,27,4,34,3,7
397,78,7,63,4,34,3,16
398,62,11,22,3,42,7,0
399,58,5,52,3,35,7,8
400,72,8,59,2,35,5,5
401,68,11,40,2,37,6,10
402,71,7,53,4,47,4,9
403,58,7,34,5,45,8,13
404,68,9,43,4,37,3,0
405,68,8,46,4,45,5,10
406,77,7,18,2,38,6,8
407,78,14,48,5,37,5,4
408,54,7,43,5,20,1,14
409,66,11,72,2,20,7,14
410,62,9,13,5,41,7,2
411,51,3,44,4,42,4,15
412,70,7,14,2,27,4,0
413,73,12,29,4,32,3,0
414,77,5,57,4,48,6,17
415,65,5,59,5,40,4,19
416,85,6,23,5,31,3,7
417,92,6,46,2,45,7,7
418,66,9,18,4,36,3,4
419,76,8,45,3,45,7,4
420,79,5,50,3,34,4,17
421,67,8,36,4,41,8,5
422,68,8,40,5,22,6,10
423,40,9,32,4,40,9,8
424,66,5,59,5,21,5,9
425,68,8,32,4,35,5,12
426,86,4,28,2,32,6,9
427,78,5,39,4,30,7,9
428,70,9,53,5,29,1,14
429,88,4,35,4,22,6,18
430,75,11,40,3,35,5,9
431,71,12,64,3,45,5,15
432,59,3,47,3,40,6,16
433,71,12,18,4,37,2,18
434,79,8,48,5,53,9,1
435,70,5,64,3,20,7,6
436,73,5,44,5,42,5,11
437,97,10,30,3,34,4,13
438,63,13,36,5,39,4,0
439,67,5,42,3,37,9,1
440,65,8,34,2,34,4,16
441,69,4,50,3,35,7,8
442,74,7,46,4,41,4,15
443,68,4,18,4,34,2,13
444,81,10,38,4,40,5,9
445,65,7,59,4,23,6,13
446,58,5,54,5,31,3,8
447,71,10,33,4,32,6,10
448,73,5,35,3,44,4,9
449,73,10,43,3,38,6,10
450,93,6,24,4,45,3,17
451,70,8,59,3,40,2,13
452,71,10,40,3,20,5,11
453,61,11,41,2,45,7,5
454,75,10,47,2,28,4,12
455,75,8,22,4,38,1,15
456,72,10,32,4,30,5,14
457,70,9,62,3,51,6,15
458,61,8,47,3,32,4,6
459,69,7,41,4,24,4,0
460,79,7,76,5,39,5,7
461,60,5,49,3,30,6,9
462,56,6,56,3,43,2,19
463,95,6,43,3,38,8,10
464,77,9,37,4,41,8,16
465,78,5,37,2,33,6,0
466,66,6,4,3,46,4,9
467,82,7,28,4,33,3,11
468,81,7,3,5,29,8,11
469,64,7,52,2,46,4,10
470,76,5,20,3,20,2,15
471,56,9,26,2,43,8,13
472,71,5,35,4,25,7,9
473,73,10,29,4,30,6,12
474,64,6,31,2,39,4,4
475,79,8,49,2,33,4,3
476,72,7,37,3,42,3,12
477,68,10,41,5,37,4,14
478,74,3,45,5,41,10,5
479,68,12,47,4,27,5,20
480,61,12,60,1,40,6,16
481,70,7,17,5,32,4,10
482,74,8,59,4,25,6,3
483,63,12,58,2,31,3,5
484,61,9,44,3,34,5,1
485,79,10,18,1,38,6,8
486,72,0,60,3,40,7,12
487,60,2,22,4,35,4,20
488,69,5,27,3,25,4,15
489,75,10,50,2,25,4,4
490,82,8,32,3,36,5,11
491,69,12,39,4,38,5,10
492,48,15,43,5,34,8,9
493,69,16,62,4,20,4,6
494,74,6,39,3,32,5,8
495,75,11,33,3,34,2,10
496,80,2,39,4,35,8,2
497,74,11,37,4,32,4,4
498,53,7,52,4,36,3,0
499,60,8,56,3,26,5,6
500,63,10,56,3,42,2,10
501,72,11,52,5,35,5,0
502,49,9,31,5,38,6,14
503,88,7,17,4,23,7,24
504,76,10,59,2,39,7,5
505,67,5,6,3,32,5,14
506,71,3,48,4,35,5,14
507,71,7,37,3,44,5,15
508,72,11,9,3,38,9,17
509,86,10,45,3,29,2,2
510,72,6,41,2,22,6,4
511,76,9,36,3,44,8,15
512,55,8,42,3,35,7,13
513,98,4,50,3,38,2,20
514,82,5,50,5,33,4,7
515,69,4,41,3,50,7,19
516,65,12,19,4,33,7,18
517,58,1,28,2,43,5,3
518,82,7,39,3,35,2,4
519,81,6,54,4,35,2,7
520,53,5,49,4,29,5,11
521,72,8,24,2,34,6,10
522,72,8,54,4,33,6,3
523,81,7,51,3,36,5,8
524,67,12,43,4,33,5,8
525,61,3,37,2,40,2,4
526,62,8,55,3,21,5,6
527,90,5,88,5,38,5,13
528,71,12,38,3,31,4,10
529,63,11,24,3,47,5,11
530,71,10,54,4,35,5,18
531,79,8,67,3,38,7,14
532,60,8,63,5,31,8,5
533,63,1,59,3,39,7,0
534,65,6,44,3,32,6,8
535,70,12,34,2,44,5,12
536,77,7,29,5,26,7,9
537,77,8,66,4,37,6,10
538,75,6,47,4,33,5,11
539,75,6,36,4,29,6,16
540,69,8,54,3,37,6,3
541,80,12,50,4,35,4,18
542,69,8,49,4,28,3,4
543,76,7,66,3,49,7,15
544,96,10,44,3,39,5,18
545,49,12,45,2,40,8,12
546,77,10,18,4,28,3,0
547,72,10,53,4,40,4,13
548,91,6,41,3,34,4,14
549,68,11,32,4,37,4,13
550,71,7,34,4,38,7,8
551,87,5,26,4,30,5,11
552,64,5,67,5,39,7,14
553,83,8,36,5,38,6,13
554,74,12,51,5,30,6,19
555,62,6,30,5,20,7,11
556,64,9,25,4,37,5,7
557,62,4,27,4,30,8,18
558,85,9,38,3,25,6,7
559,81,4,67,2,31,7,12
560,68,8,43,3,36,6,9
561,84,8,15,2,31,7,9
562,86,1,71,2,26,5,0
563,78,3,61,2,45,6,8
564,58,10,29,3,42,5,8
565,63,12,6,4,33,5,6
566,72,12,41,2,55,4,12
567,72,12,40,2,29,6,6
568,65,6,32,3,39,2,19
569,66,7,48,3,35,6,9
570,68,4,46,4,33,6,6
571,68,11,32,2,41,6,9
572,66,11,39,4,44,7,12
573,59,8,34,4,45,9,10
574,78,8,44,5,27,2,9
575,80,7,38,4,34,6,19
576,77,3,13,4,37,6,9
577,75,7,56,4,41,8,9
578,56,7,18,4,32,4,10
579,75,6,48,4,29,6,16
580,70,4,42,5,38,3,10
581,69,9,67,3,32,2,9
582,72,10,39,5,46,4,5
583,68,8,16,5,31,3,11
584,68,8,35,3,25,2,6
585,70,8,33,2,33,6,12
586,53,11,47,4,38,4,11
587,79,11,48,5,47,4,5
588,65,8,28,2,40,7,14
589,69,6,67,4,33,2,11
590,85,11,30,3,20,1,14
591,65,12,39,5,33,8,9
592,89,12,53,4,33,1,3
593,72,5,24,2,46,4,5
594,70,6,34,2,35,2,9
595,69,11,31,3,29,6,10
596,63,9,67,4,21,5,7
597,87,5,19,3,27,7,12
598,64,10,44,4,41,7,10
599,60,9,43,4,39,6,11
600,81,15,25,2,56,3,8
601,74,2,29,4,37,4,14
602,68,11,36,5,49,5,4
603,61,8,41,4,31,7,24
604,61,11,36,3,46,1,13
605,84,7,25,5,30,5,14
606,68,11,38,4,36,6,13
607,71,9,44,4,25,4,3
608,69,3,25,3,29,5,10
609,52,8,55,4,43,4,5
610,78,12,40,3,28,3,9
611,88,5,15,1,37,2,16
612,52,5,41,4,41,2,18
